{
  "best_model": "lr",
  "metrics": {
    "f1_macro_val": 0.39816552313685594,
    "f1_macro_test": 0.38519197505001407,
    "precision_-1": 0.09953703703703703,
    "recall_-1": 0.4875283446712018,
    "f1_-1": 0.1653210303729335,
    "precision_0": 0.9641503713809307,
    "recall_0": 0.8582512481446498,
    "f1_0": 0.9081239291833239,
    "precision_1": 0.09135802469135802,
    "recall_1": 0.07459677419354839,
    "f1_1": 0.08213096559378469
  },
  "walk_forward": [
    {
      "fold": 0,
      "f1_macro": 0.4004572008838574,
      "precision_-1": 0.09026548672566372,
      "recall_-1": 0.25,
      "f1_-1": 0.13263979193758127,
      "precision_0": 0.9380419899589229,
      "recall_0": 0.8621919244887257,
      "f1_0": 0.8985190447565441,
      "precision_1": 0.16339869281045752,
      "recall_1": 0.17761989342806395,
      "f1_1": 0.1702127659574468
    }
  ]
}