fold,f1_macro,precision_-1,recall_-1,f1_-1,precision_0,recall_0,f1_0,precision_1,recall_1,f1_1
0,0.4004572008838574,0.09026548672566372,0.25,0.13263979193758127,0.9380419899589229,0.8621919244887257,0.8985190447565441,0.16339869281045752,0.17761989342806395,0.1702127659574468
